"","Epoch","Iteration","num_layers","num_nodes","optim","activation","lr","xi","eps","gpUtility","acqOptimum","inBounds","Elapsed","Score","train.lkh","errorMessage"
"1",0,1,7,8,2,2,0.490661199075403,0.412286662423867,0.261807146656793,NA,FALSE,TRUE,1154.495,-9.44460423787435,8.02877330780029,NA
"2",0,2,8,3,1,1,0.383621963522455,0.441068933403585,0.156179870900814,NA,FALSE,TRUE,576.719999999999,-7.08998823165894,5.63326489925385,NA
"3",0,3,3,9,2,2,0.00735650370654184,0.113454509570147,0.113220605999231,NA,FALSE,TRUE,3017.2,-6.72845697402954,5.32083638509115,NA
"4",0,4,5,8,2,2,0.143231805102987,0.349866737786215,0.0236852615489624,NA,FALSE,TRUE,2247.87,-6.72619851430257,5.30897847811381,NA
"5",0,5,4,3,2,2,0.310433751263481,0.034853404853493,0.386657070965157,NA,FALSE,TRUE,2991.112,-7.70093997319539,6.26612857977549,NA
"6",0,6,5,6,1,1,0.202733733709611,0.200372820763732,0.247229185973993,NA,FALSE,TRUE,743.376,-8.08892758687337,6.27150193850199,NA
"7",0,7,8,7,1,1,0.337959058406414,0.137616682812222,0.471019484873977,NA,FALSE,TRUE,553.379999999999,-15.3812837600708,10.8016675313314,NA
"8",0,8,9,5,1,1,0.0674029014949338,0.278654179288424,0.364554150524782,NA,FALSE,TRUE,679.969000000001,-7.21544313430786,5.74987006187439,NA
