"","Epoch","Iteration","num_layers","num_nodes","optim","activation","lr","xi","eps","gpUtility","acqOptimum","inBounds","Elapsed","Score","train.lkh","errorMessage"
"1",0,1,5,10,2,2,0.402169797828537,0.00661985072656535,0.181087973338435,NA,FALSE,TRUE,329.673999999999,-9.55839443206787,8.62709490458171,NA
"2",0,2,3,7,1,1,0.0665791643684497,0.466962398422766,0.267185175020131,NA,FALSE,TRUE,760.553,-6.9868958791097,5.84222861131032,NA
"3",0,3,6,8,2,1,0.0750790702896484,0.385064373986097,0.355469030269887,NA,FALSE,TRUE,2391.352,-7.40215921401978,6.29108428955078,NA
"4",0,4,3,7,1,1,0.264157203819341,0.214304297842318,0.213631584731047,NA,FALSE,TRUE,539.377999999997,-7.92307551701864,6.32564282417297,NA
"5",0,5,7,5,2,2,0.479737503913784,0.295662326549063,0.0845328738505486,NA,FALSE,TRUE,1843.886,-6.8874979019165,5.77858845392863,NA
"6",0,6,7,6,1,1,0.343076800537092,0.0729040542646544,0.496704597811913,NA,FALSE,TRUE,531.521999999997,-13.026221593221,10.906591574351,NA
"7",0,7,9,2,2,2,0.2307111439445,0.156337660722784,0.0602871159062488,NA,FALSE,TRUE,2149.43900000001,-6.74506251017253,5.62724224726359,NA
"8",0,8,9,3,1,2,0.152605382721958,0.326173769775778,0.409287803529878,NA,FALSE,TRUE,601.021999999997,-7.38134733835856,6.18355556329091,NA
