"","Epoch","Iteration","num_layers","num_nodes","optim","activation","lr","xi","eps","gpUtility","acqOptimum","inBounds","Elapsed","Score","train.lkh","errorMessage"
"1",0,1,7,9,2,1,0.476989629049931,0.0414089531404898,0.436473104608012,NA,FALSE,TRUE,2457.912,-29.6688563028971,27.7797260284424,NA
"2",0,2,5,2,1,2,0.210326848982659,0.169776548675145,0.186007643846096,NA,FALSE,TRUE,596.461,-6.81216843922933,5.08497726917267,NA
"3",0,3,3,5,1,1,0.271544048860815,0.438445123567362,0.222581707479549,NA,FALSE,TRUE,597.472,-7.12746111551921,5.30471857388814,NA
"4",0,4,4,4,2,2,0.0974161775516404,0.356408781575738,0.112119349651039,NA,FALSE,TRUE,652.304999999999,-6.72923898696899,5.0085955063502,NA
"5",0,5,9,6,1,1,0.0226787703644368,0.0999947876262013,0.280324181323522,NA,FALSE,TRUE,944.667,-6.95305951436361,5.2195899883906,NA
"6",0,6,10,5,1,1,0.436619774343417,0.280609509296482,0.471803302949411,NA,FALSE,TRUE,556.42,-9.82500044504801,7.79272532463074,NA
"7",0,7,8,9,2,2,0.160018996676954,0.249108241259819,0.338501514226664,NA,FALSE,TRUE,1769.747,-9.9883295694987,8.25230320294698,NA
"8",0,8,4,7,2,2,0.347919580996531,0.386518880040967,0.0397420993103879,NA,FALSE,TRUE,503.634,-6.73070891698201,4.87080295880636,NA
