"","Epoch","Iteration","num_layers","num_nodes","optim","activation","lr","xi","eps","gpUtility","acqOptimum","inBounds","Elapsed","Score","train.lkh","errorMessage"
"1",0,1,5,3,2,1,0.391204621178185,0.310469335498055,0.484105031166109,NA,FALSE,TRUE,1117.313,-8.01590013504028,6.85281944274902,NA
"2",0,2,7,6,2,2,0.35947512029059,0.132366526522674,0.335534600031679,NA,FALSE,TRUE,2120.413,-10.6655708948771,9.48956251144409,NA
"3",0,3,9,4,1,1,0.461739324976807,0.221170416392852,0.422785825227038,NA,FALSE,TRUE,614.695,-9.71742057800293,7.80108666419983,NA
"4",0,4,5,7,1,1,0.282410319248884,0.0209920328488806,0.254732844026876,NA,FALSE,TRUE,535.261,-9.25029563903809,7.7236762046814,NA
"5",0,5,3,3,1,1,0.215260595215805,0.33705523693061,0.0170480374799808,NA,FALSE,TRUE,682.139000000001,-6.73750591278076,5.59099638462067,NA
"6",0,6,8,9,2,2,0.106255559910205,0.120725951899658,0.221496787984506,NA,FALSE,TRUE,2009.896,-7.98539511362712,6.80345773696899,NA
"7",0,7,2,8,2,2,0.149647829116439,0.478159677833901,0.153962432683329,NA,FALSE,TRUE,460.679,-6.77994648615519,5.61948521931966,NA
"8",0,8,8,9,1,2,0.0158036326745059,0.410836019029375,0.0657009502028814,NA,FALSE,TRUE,902.261,-6.7708470026652,5.60727008183797,NA
