"","Epoch","Iteration","num_layers","num_nodes","optim","activation","lr","xi","eps","gpUtility","acqOptimum","inBounds","Elapsed","Score","train.lkh","errorMessage"
"1",0,1,3,2,2,2,0.40132173933438,0.141607385012321,0.237558501743479,NA,FALSE,TRUE,2475.668,-6.90514930089315,5.81441299120585,NA
"2",0,2,7,7,2,2,0.129489173872134,0.0921059331012657,0.00254992583359126,NA,FALSE,TRUE,3697.379,-6.77222204208374,5.68906164169312,NA
"3",0,3,4,4,1,1,0.00682691324895131,0.199761996467714,0.315444211970316,NA,FALSE,TRUE,1443.699,-6.75024461746216,5.67526316642761,NA
"4",0,4,9,4,2,1,0.0905306874975213,0.296284947398817,0.13159663726401,NA,FALSE,TRUE,3665.406,-6.79384215672811,5.70248766740163,NA
"5",0,5,5,6,2,2,0.261180846222123,0.0418382051284425,0.49276737611217,NA,FALSE,TRUE,3661.841,-12.0296532313029,10.929115931193,NA
"6",0,6,8,10,1,1,0.468226676598715,0.437918191106291,0.256183220044477,NA,FALSE,TRUE,520.671,-20.4312928517659,11.2366580963135,NA
"7",0,7,9,8,1,2,0.237879629209347,0.353168273504707,0.426572623837274,NA,FALSE,TRUE,733.565000000001,-11.502547899882,8.92120321591695,NA
"8",0,8,5,8,1,1,0.346071562737488,0.400629540119553,0.0939038378710393,NA,FALSE,TRUE,459.291999999999,-7.58515612284342,6.15645082791646,NA
