"","Epoch","Iteration","num_layers","num_nodes","optim","activation","lr","xi","eps","gpUtility","acqOptimum","inBounds","Elapsed","Score","train.lkh","errorMessage"
"1",0,1,9,10,1,1,0.419802772593684,0.47539441785193,0.104745375720086,NA,FALSE,TRUE,543.553,-11.9414037068685,7.53504681587219,NA
"2",0,2,10,2,2,2,0.0423572235615575,0.121519772161264,0.168283339269692,NA,FALSE,TRUE,2953.275,-6.73769410451253,5.41637766361237,NA
"3",0,3,4,7,1,1,0.173483997725416,0.268964757662616,0.460012199619086,NA,FALSE,TRUE,766.418000000001,-8.72540378570557,6.88401293754578,NA
"4",0,4,6,7,1,2,0.497092708653654,0.0535385908151511,0.232040629372932,NA,FALSE,TRUE,745.612,-11.255443572998,8.75517614682516,NA
"5",0,5,7,5,2,2,0.341072334997007,0.151639657095075,0.426596999473986,NA,FALSE,TRUE,2056.003,-10.8769073486328,9.55328877766927,NA
"6",0,6,5,9,1,1,0.303943005379406,0.24000839565997,0.315033214690629,NA,FALSE,TRUE,635.634,-10.6561635335286,8.10567466417948,NA
"7",0,7,5,5,2,2,0.247637849996972,0.385701262333896,0.307442649529548,NA,FALSE,TRUE,1270.992,-7.31555700302124,5.98388703664144,NA
"8",0,8,3,3,2,1,0.0807302799128229,0.369495744787855,0.00792545538570266,NA,FALSE,TRUE,2340.217,-6.72632805506388,5.36125238736471,NA
