"","Epoch","Iteration","num_layers","num_nodes","optim","activation","lr","xi","eps","gpUtility","acqOptimum","inBounds","Elapsed","Score","train.lkh","errorMessage"
"1",0,1,6,10,2,2,0.105779930395511,0.333127195815905,0.263773381069768,NA,FALSE,TRUE,436.131000000001,-7.64789772033691,6.29074462254842,NA
"2",0,2,4,9,2,2,0.0276528825702553,0.275585468509234,0.152890823403141,NA,FALSE,TRUE,1673.705,-6.77396472295125,5.4152197043101,NA
"3",0,3,7,3,2,2,0.131686405779619,0.133919506071834,0.0594574507704237,NA,FALSE,TRUE,826.32,-6.73499202728271,5.35749355951945,NA
"4",0,4,2,5,1,2,0.318787476722646,0.240209322379087,0.0692198606120655,NA,FALSE,TRUE,652.82,-6.85848236083984,5.48292636871338,NA
"5",0,5,10,7,2,1,0.300576305183931,0.00255524631938897,0.21901622437872,NA,FALSE,TRUE,2185.582,-10.2908916473389,8.79372064272563,NA
"6",0,6,8,7,1,1,0.447338459689054,0.0733450176630868,0.468118011951447,NA,FALSE,TRUE,618.201000000001,-16.4176769256592,13.0704428354899,NA
"7",0,7,5,5,1,1,0.430766217580822,0.478155673641595,0.392226906071301,NA,FALSE,TRUE,479.346000000001,-9.34378465016683,6.63945309321086,NA
"8",0,8,5,4,1,1,0.204711628208024,0.399569376313593,0.342254139817669,NA,FALSE,TRUE,484.514999999999,-7.07873344421387,5.43263163169225,NA
