"","Epoch","Iteration","num_layers","num_nodes","optim","activation","lr","xi","eps","gpUtility","acqOptimum","inBounds","Elapsed","Score","train.lkh","errorMessage"
"1",0,1,10,6,1,2,0.0609243671636796,0.481688776621013,0.456311428890331,NA,FALSE,TRUE,738.501,-7.49625651041667,5.75504291057587,NA
"2",0,2,3,8,2,2,0.346070944645471,0.398281543588382,0.107787315107998,NA,FALSE,TRUE,398.796000000002,-6.83642482757568,5.13763201236725,NA
"3",0,3,4,7,2,2,0.0920980454624805,0.187633522757096,0.184518804933759,NA,FALSE,TRUE,1520.573,-6.90894492467244,5.17011483510335,NA
"4",0,4,7,10,1,1,0.444741550558974,0.28096709397505,0.388020750484429,NA,FALSE,TRUE,349.148999999998,-14.2515624364217,13.0636669794718,NA
"5",0,5,8,2,2,1,0.248741782263824,0.071669788507279,0.0102760604204377,NA,FALSE,TRUE,1809.184,-6.71351687113444,5.03593023618062,NA
"6",0,6,8,7,2,1,0.396918909552332,0.0108301675063558,0.304101328365505,NA,FALSE,TRUE,1685.591,-13.8666191101074,12.862152894338,NA
"7",0,7,4,5,1,1,0.29471993518353,0.158443120468291,0.203289578043041,NA,FALSE,TRUE,518.040000000001,-7.76017570495605,5.79647966225942,NA
"8",0,8,6,4,1,2,0.155917207586172,0.358769732760265,0.339767720171949,NA,FALSE,TRUE,593.467000000001,-7.33680327733358,5.65242568651835,NA
