"","Epoch","Iteration","num_layers","num_nodes","optim","activation","lr","xi","eps","gpUtility","acqOptimum","inBounds","Elapsed","Score","train.lkh","errorMessage"
"1",0,1,10,3,2,2,0.210627669356909,0.446990087133599,0.340106764560915,NA,FALSE,TRUE,391.311,-7.11271286010742,6.49037977059682,NA
"2",0,2,3,2,1,1,0.295185884248349,0.0045796340709785,0.121747268829495,NA,FALSE,TRUE,938.813,-6.81346686681112,6.18431369463603,NA
"3",0,3,9,4,2,1,0.0625313653935154,0.290206906953244,0.051514600549126,NA,FALSE,TRUE,1759.031,-6.72527583440145,6.10727711518606,NA
"4",0,4,4,8,2,1,0.145288803912117,0.143077021741192,0.226327485623187,NA,FALSE,TRUE,428.887,-7.37173509597778,6.7715577284495,NA
"5",0,5,6,7,2,2,0.474498431590764,0.363564476632746,0.179888892525923,NA,FALSE,TRUE,586.406,-7.65487988789876,7.04975287119548,NA
"6",0,6,2,9,1,2,0.321967519799073,0.430051385555998,0.280702022646437,NA,FALSE,TRUE,463.963,-7.83132521311442,5.84941820303599,NA
"7",0,7,7,6,1,2,0.435654818663461,0.237087131434237,0.404587863929919,NA,FALSE,TRUE,344.125,-11.0337915420532,8.53596504529317,NA
"8",0,8,7,5,1,1,0.0693497559579555,0.10734561123536,0.461018233239884,NA,FALSE,TRUE,738.122,-7.44508457183838,5.88411490122477,NA
