"","Epoch","Iteration","num_layers","num_nodes","optim","activation","lr","xi","eps","gpUtility","acqOptimum","inBounds","Elapsed","Score","train.lkh","errorMessage"
"1",0,1,3,9,2,1,0.387310000356083,0.475049951273832,0.499915414940915,NA,FALSE,TRUE,307.072999999999,-10.0457143783569,9.0298646291097,NA
"2",0,2,4,10,2,1,0.0697217035765061,0.0403078255767468,0.0527224779070821,NA,FALSE,TRUE,2111.507,-6.77571392059326,5.72379418214162,NA
"3",0,3,4,7,1,2,0.359556312260975,0.0788496151217259,0.125557835082873,NA,FALSE,TRUE,670.42,-7.8016676902771,6.62276848157247,NA
"4",0,4,6,6,2,1,0.179669961894106,0.223174445578479,0.0756292859296082,NA,FALSE,TRUE,556.669000000002,-6.8099315961202,5.76346226533254,NA
"5",0,5,5,4,1,1,0.26189961625787,0.323383006601944,0.364307583047776,NA,FALSE,TRUE,659.647000000001,-7.55387862523397,6.29762236277262,NA
"6",0,6,9,5,1,2,0.495546371608652,0.141411062912084,0.271287882365868,NA,FALSE,TRUE,341.089,-9.82981904347738,7.97993485132853,NA
"7",0,7,10,2,1,2,0.0564052389688732,0.429187716406886,0.227591868911986,NA,FALSE,TRUE,566.041999999999,-6.78004503250122,5.75427448749542,NA
"8",0,8,7,5,2,2,0.222546401790751,0.266004419099772,0.406494013106567,NA,FALSE,TRUE,1105.016,-8.5934108098348,7.56039484341939,NA
