"","Epoch","Iteration","num_layers","num_nodes","optim","activation","lr","xi","eps","gpUtility","acqOptimum","inBounds","Elapsed","Score","train.lkh","errorMessage"
"1",0,1,6,10,1,1,0.171253409781493,0.44136708669248,0.371163760704803,NA,FALSE,TRUE,839.236000000001,-9.31809329986572,8.01260201136271,NA
"2",0,2,5,3,2,1,0.0386088770447532,0.184559231667663,0.0440444954874692,NA,FALSE,TRUE,2020.585,-6.7199444770813,5.98539058367411,NA
"3",0,3,5,4,2,1,0.385397045886202,0.347631876429659,0.231611713243183,NA,FALSE,TRUE,1181.18,-7.12738545735677,6.37931080659231,NA
"4",0,4,3,9,2,1,0.49553402171121,0.419308728727628,0.0964228106749943,NA,FALSE,TRUE,1451.551,-6.88869778315226,6.14865179856618,NA
"5",0,5,4,7,1,2,0.319428125352861,0.122851309701218,0.394783789059147,NA,FALSE,TRUE,604.682999999997,-10.3906354904175,8.59909311930338,NA
"6",0,6,8,3,1,2,0.246333946594386,0.035186459790566,0.46384397528891,NA,FALSE,TRUE,598.652000000002,-7.94460916519165,6.21718537807465,NA
"7",0,7,8,8,2,2,0.30887361532572,0.200239485566271,0.144100198362139,NA,FALSE,TRUE,376.216,-7.74485429128011,7.07166409492493,NA
"8",0,8,10,5,1,2,0.109720302344358,0.257068885024637,0.267393377871485,NA,FALSE,TRUE,399.715,-7.50006453196208,5.74412365754445,NA
