"","Epoch","Iteration","num_layers","num_nodes","optim","activation","lr","xi","eps","gpUtility","acqOptimum","inBounds","Elapsed","Score","train.lkh","errorMessage"
"1",0,1,3,2,2,2,0.484492294773663,0.00458149042970035,0.0388679113821127,NA,FALSE,TRUE,1446.801,-6.73329941431681,5.4174386660258,NA
"2",0,2,10,8,2,2,0.375127689767396,0.253771569608944,0.159151975662098,NA,FALSE,TRUE,343.691,-8.39400768280029,7.10535875956217,NA
"3",0,3,4,8,2,1,0.288161296636827,0.455049263458932,0.266754268974182,NA,FALSE,TRUE,335.413,-7.48636182149251,6.18990198771159,NA
"4",0,4,4,10,1,2,0.398357631755061,0.419256699038669,0.43043434372521,NA,FALSE,TRUE,508.131,-13.7175041834513,8.97982104619344,NA
"5",0,5,9,6,1,2,0.243371639987454,0.208076548515237,0.467588452636846,NA,FALSE,TRUE,517.023999999999,-12.9903863271077,9.08583307266235,NA
"6",0,6,8,4,2,1,0.136734341617266,0.144318847858813,0.367340077864355,NA,FALSE,TRUE,1717.385,-7.65517854690552,6.31859413782756,NA
"7",0,7,5,6,1,1,0.078931841309095,0.360015263286186,0.206206338858465,NA,FALSE,TRUE,607.191,-6.9826086362203,5.57923483848572,NA
"8",0,8,7,4,1,1,0.0618837869122217,0.122471990180202,0.100853540599928,NA,FALSE,TRUE,941.355,-6.81221532821655,5.49739193916321,NA
