"","Epoch","Iteration","num_layers","num_nodes","optim","activation","lr","xi","eps","gpUtility","acqOptimum","inBounds","Elapsed","Score","train.lkh","errorMessage"
"1",0,1,9,4,2,1,0.175607054816355,0.310338630981278,0.01140301093983,NA,FALSE,TRUE,1854.52,-6.72811937332153,5.39889864126841,NA
"2",0,2,5,4,2,1,0.396413663901621,0.0180166131467558,0.104054543495295,NA,FALSE,TRUE,354.321,-6.90931876500448,5.55440044403076,NA
"3",0,3,6,3,2,2,0.0930009984484059,0.122052811595495,0.494279432270559,NA,FALSE,TRUE,350.713,-7.26878484090169,5.9662477572759,NA
"4",0,4,8,7,1,2,0.450460495598963,0.22192736127181,0.361260109610157,NA,FALSE,TRUE,339.603999999999,-13.2095152537028,9.65622448921204,NA
"5",0,5,3,5,2,1,0.322218678271893,0.49595627488452,0.1931292796653,NA,FALSE,TRUE,1201.194,-6.85526084899902,5.54649992783864,NA
"6",0,6,7,6,1,2,0.242226358194457,0.373786069176276,0.158093689475209,NA,FALSE,TRUE,518.550000000003,-7.42550007502238,6.0252358118693,NA
"7",0,7,7,10,1,1,0.263831721193274,0.393512850714615,0.277424689280451,NA,FALSE,TRUE,595.673999999999,-9.20451863606771,7.89675132433573,NA
"8",0,8,3,9,1,2,0.0154719659012335,0.175586236699019,0.394278737468994,NA,FALSE,TRUE,884.400000000001,-6.86346848805745,5.36648909250895,NA
