"","Epoch","Iteration","num_layers","num_nodes","optim","activation","lr","xi","eps","gpUtility","acqOptimum","inBounds","Elapsed","Score","train.lkh","errorMessage"
"1",0,1,8,6,2,2,0.0185889360468718,0.452501290172222,0.441127859638073,NA,FALSE,TRUE,795.962,-6.86673323313395,4.94322779774666,NA
"2",0,2,9,9,2,1,0.496868951376673,0.110650955801248,0.380029325402575,NA,FALSE,TRUE,1741.707,-27.2761713663737,25.3370717366536,NA
"3",0,3,7,6,1,2,0.248838839609234,0.313784634752665,0.218339686689433,NA,FALSE,TRUE,529.794999999998,-8.21032396952311,5.80482198794683,NA
"4",0,4,5,9,1,2,0.106492089941166,0.40537583103287,0.275141076155705,NA,FALSE,TRUE,734.830999999998,-7.75128078460693,5.80866705377897,NA
"5",0,5,6,4,1,1,0.29261146995661,0.165051363685052,0.322110676759621,NA,FALSE,TRUE,526.633999999998,-8.29581737518311,5.86845459540685,NA
"6",0,6,2,7,2,2,0.150342609535001,0.229204592149472,0.0125310918956529,NA,FALSE,TRUE,1483.39,-6.71262915929158,4.89350793759028,NA
"7",0,7,3,4,1,1,0.355525153062481,0.253426500537898,0.182295343794976,NA,FALSE,TRUE,590.518,-7.17187372843425,5.49993356068929,NA
"8",0,8,8,2,2,1,0.40801268600655,0.0593330169067485,0.0712895392643986,NA,FALSE,TRUE,409.447,-6.74850861231486,6.10762015978495,NA
