are_tot,are_cal_q,are_cal_y,ei_r,m_crps,model,scenario,seed
0.234969245369575,0.100094839370497,0.121200286066609,1.09498397568002,310.273074067298,COX,zeta,14
