are_tot,are_cal_q,are_cal_y,ei_r,m_crps,model,scenario,seed
0.164657964687848,0.171393683233179,0.872862238191723,1.11473059172356,392.162797963655,COX,gamma,13
