are_tot,are_cal_q,are_cal_y,ei_r,m_crps,model,scenario,seed
0.165491141343715,0.0567402375909365,0.0187895303622772,0.994499692305217,317.270795159115,COX,zeta,9
