are_tot,are_cal_q,are_cal_y,ei_r,m_crps,model,scenario,seed
0.204569403991911,0.149105508365182,0.145724755912556,0.876133339970398,384.13502845357,xgboost,delta,3
