are_tot,are_cal_q,are_cal_y,ei_r,m_crps,model,scenario,seed
0.133396076625274,0.048572672194083,0.0417737247262231,0.978046551444545,376.0203974272,deepsurv,alpha,3
