are_tot,are_cal_q,are_cal_y,ei_r,m_crps,model,scenario,seed
0.134924600198971,0.119680492378647,0.915058044017722,1.09036686405679,365.198004479537,xgboost,alpha,6
