are_tot,are_cal_q,are_cal_y,ei_r,m_crps,model,scenario,seed
0.191326129322729,0.0827920706831263,0.0792454442351985,0.954661819998376,396.263394282229,deepsurv,delta,3
