are_tot,are_cal_q,are_cal_y,ei_r,m_crps,model,scenario,seed
0.157058145767765,0.0614623203977967,0.0386055749471855,0.987899063339065,380.542944351267,xgboost,alpha,5
