are_tot,are_cal_q,are_cal_y,ei_r,m_crps,model,scenario,seed
0.175028568990123,0.0686920366137963,0.0706945322621741,1.06477616559527,235.302112055689,xgboost,zeta,16
