are_tot,are_cal_q,are_cal_y,ei_r,m_crps,model,scenario,seed
0.172943682514888,0.111005149709904,0.103475849302008,1.14031900287673,398.341286953796,xgboost,gamma,1
