are_tot,are_cal_q,are_cal_y,ei_r,m_crps,model,scenario,seed
0.180706170367746,0.184671108744253,0.892808662450746,1.13457955843373,399.766768810763,COX,gamma,6
