are_tot,are_cal_q,are_cal_y,ei_r,m_crps,model,scenario,seed
0.174201727754143,0.174989967249022,0.886943917430704,1.00901244607609,419.563919485546,COX,beta,20
