are_tot,are_cal_q,are_cal_y,ei_r,m_crps,model,scenario,seed
0.14989614013204,0.136702661414541,0.906018067007848,0.994948659166992,370.308464618908,COX,alpha,20
