are_tot,are_cal_q,are_cal_y,ei_r,m_crps,model,scenario,seed
0.195031375401317,0.185887169160044,0.915750666951754,0.977086967118512,399.068524982287,COX,delta,17
