are_tot,are_cal_q,are_cal_y,ei_r,m_crps,model,scenario,seed
0.116024282722067,0.128427512252852,0.911647311178,1.04774692974727,408.801369542268,COX,gamma,18
