are_tot,are_cal_q,are_cal_y,ei_r,m_crps,model,scenario,seed
0.109329716969484,0.124981957307287,0.900870607724561,1.06075309339924,351.386165958419,xgboost,epsilon,11
