are_tot,are_cal_q,are_cal_y,ei_r,m_crps,model,scenario,seed
0.178273743796426,0.180179519726015,0.925470982333801,0.932156880712483,429.868063696969,deepsurv,beta,13
