are_tot,are_cal_q,are_cal_y,ei_r,m_crps,model,scenario,seed
0.178387279684881,0.180708264825824,0.925683436505331,0.937517602091432,429.427847658693,COX,beta,13
