are_tot,are_cal_q,are_cal_y,ei_r,m_crps,model,scenario,seed
0.147880104945592,0.0344652980419663,0.0153778073545125,1.06627056062057,410.272437273878,COX,gamma,2
