are_tot,are_cal_q,are_cal_y,ei_r,m_crps,model,scenario,seed
0.146077940953021,0.149858850546419,0.923505710380214,0.956284976389251,386.146771087373,xgboost,alpha,17
