are_tot,are_cal_q,are_cal_y,ei_r,m_crps,model,scenario,seed
0.122418030512597,0.134913101710368,0.909068476410979,1.02488106808051,404.043883778156,xgboost,gamma,7
