are_tot,are_cal_q,are_cal_y,ei_r,m_crps,model,scenario,seed
0.172933089300889,0.0472765280206912,0.0342574216205955,1.09536199955641,229.334669506144,xgboost,zeta,6
