are_tot,are_cal_q,are_cal_y,ei_r,m_crps,model,scenario,seed
0.180091980823465,0.0477773713552423,0.0211304021176109,1.00443608480054,328.701639890189,deepsurv,zeta,15
