are_tot,are_cal_q,are_cal_y,ei_r,m_crps,model,scenario,seed
0.123437652506271,0.144306909148665,0.895186389328678,1.02499288319715,417.195762201138,deepsurv,gamma,11
