are_tot,are_cal_q,are_cal_y,ei_r,m_crps,model,scenario,seed
0.206046965624825,0.129337869887778,0.914434327503414,1.18729115751527,360.061988953224,deepsurv,alpha,6
