are_tot,are_cal_q,are_cal_y,ei_r,m_crps,model,scenario,seed
0.149987207677886,0.0433302938911197,0.0296757756797525,1.02299759950787,293.688859604922,COX,zeta,15
