are_tot,are_cal_q,are_cal_y,ei_r,m_crps,model,scenario,seed
0.132981596530734,0.155904461895522,0.917446437657331,0.972213382961466,408.605720282293,COX,gamma,9
