are_tot,are_cal_q,are_cal_y,ei_r,m_crps,model,scenario,seed
0.117935644711858,0.137793781174309,0.907168231283525,1.05100937354306,345.482075372779,xgboost,epsilon,19
