are_tot,are_cal_q,are_cal_y,ei_r,m_crps,model,scenario,seed
0.120562756334767,0.128306980156253,0.904456049275736,1.04284434248512,348.684495056802,xgboost,epsilon,20
