are_tot,are_cal_q,are_cal_y,ei_r,m_crps,model,scenario,seed
0.145795593859888,0.152761035310686,0.890638202046984,1.03144982257295,341.437853602151,xgboost,epsilon,1
