are_tot,are_cal_q,are_cal_y,ei_r,m_crps,model,scenario,seed
0.180374902546114,0.0357996031209252,0.00812785898781569,1.03820711254252,401.805724586114,COX,delta,5
