are_tot,are_cal_q,are_cal_y,ei_r,m_crps,model,scenario,seed
0.204686343621713,0.182956435681589,0.914629447885025,1.02442739342203,397.457239259637,COX,delta,7
