are_tot,are_cal_q,are_cal_y,ei_r,m_crps,model,scenario,seed
0.144220137815203,0.0521191702173066,0.0303259333726851,1.03554336110951,305.848500442599,COX,zeta,2
