are_tot,are_cal_q,are_cal_y,ei_r,m_crps,model,scenario,seed
0.281265370830907,0.11764853215183,0.108424237235003,1.13183413804757,227.069869203638,xgboost,zeta,20
