are_tot,are_cal_q,are_cal_y,ei_r,m_crps,model,scenario,seed
0.210003464855597,0.192747304784857,0.907129700948373,1.10942302583537,399.517773961803,deepsurv,delta,19
