are_tot,are_cal_q,are_cal_y,ei_r,m_crps,model,scenario,seed
0.146877272210024,0.0516092706711054,0.0188619100074358,1.24652836208269,395.265442438869,xgboost,beta,5
