are_tot,are_cal_q,are_cal_y,ei_r,m_crps,model,scenario,seed
0.188917065196249,0.134741582853428,0.108454712040334,0.881423918861104,273.551264278272,xgboost,zeta,5
