are_tot,are_cal_q,are_cal_y,ei_r,m_crps,model,scenario,seed
0.141671209820908,0.157974904721226,0.90611758087799,1.03425194804364,415.235196934484,COX,beta,15
