are_tot,are_cal_q,are_cal_y,ei_r,m_crps,model,scenario,seed
0.125202574132567,0.0366008218176662,0.0274320136131194,1.03138937319681,377.177196940952,xgboost,alpha,4
