are_tot,are_cal_q,are_cal_y,ei_r,m_crps,model,scenario,seed
0.16637285473313,0.174431521295108,0.916854241341639,0.991418591000076,419.015412246852,COX,beta,11
