are_tot,are_cal_q,are_cal_y,ei_r,m_crps,model,scenario,seed
0.151069005486146,0.154723847622052,0.9310402847078,0.955652309141672,380.754097063734,xgboost,delta,18
