are_tot,are_cal_q,are_cal_y,ei_r,m_crps,model,scenario,seed
0.210814184685858,0.18277665392564,0.904134169419552,1.09351651642053,385.952212461412,COX,delta,15
