are_tot,are_cal_q,are_cal_y,ei_r,m_crps,model,scenario,seed
0.186190903995419,0.176718198386799,0.908202303970035,1.02527882799823,406.934765676369,COX,delta,10
