are_tot,are_cal_q,are_cal_y,ei_r,m_crps,model,scenario,seed
0.158236257920804,0.0668845362216913,0.0413137662882344,1.00935417486006,273.638996641142,deepsurv,zeta,1
