are_tot,are_cal_q,are_cal_y,ei_r,m_crps,model,scenario,seed
0.159304550943302,0.0753934810975573,0.0365718660664392,0.967712378012192,237.0302327453,xgboost,zeta,1
