are_tot,are_cal_q,are_cal_y,ei_r,m_crps,model,scenario,seed
0.260009770820807,0.214459651008593,0.875782060051098,1.31365638667351,385.353438248778,deepsurv,gamma,20
