are_tot,are_cal_q,are_cal_y,ei_r,m_crps,model,scenario,seed
0.142015417676385,0.120018160301527,0.919976152999281,0.956999135862809,353.371495658422,xgboost,epsilon,16
