are_tot,are_cal_q,are_cal_y,ei_r,m_crps,model,scenario,seed
0.214452149151612,0.191046636861349,0.918875892007208,1.0444959333651,392.143418717554,deepsurv,delta,14
