are_tot,are_cal_q,are_cal_y,ei_r,m_crps,model,scenario,seed
0.162019995642638,0.0625899831805413,0.0480907858728391,0.968532550712,322.98881633288,COX,zeta,3
