are_tot,are_cal_q,are_cal_y,ei_r,m_crps,model,scenario,seed
0.217306172966096,0.195356389902936,0.925533081757134,0.927551575707959,394.957010481958,COX,delta,9
