are_tot,are_cal_q,are_cal_y,ei_r,m_crps,model,scenario,seed
0.157155015093658,0.166239574657256,0.91629962638479,1.05062280456208,427.078235090128,xgboost,beta,6
