are_tot,are_cal_q,are_cal_y,ei_r,m_crps,model,scenario,seed
0.246029542004458,0.034710537051992,0.0209047759510231,1.04736138295826,389.819545848801,COX,delta,2
