are_tot,are_cal_q,are_cal_y,ei_r,m_crps,model,scenario,seed
0.150994550550798,0.156299988306963,0.903521576790639,1.05438460067424,413.296597426476,COX,beta,12
