are_tot,are_cal_q,are_cal_y,ei_r,m_crps,model,scenario,seed
0.129575827042921,0.124849511791066,0.916176118215085,1.00046353316838,353.981675907058,xgboost,epsilon,8
