are_tot,are_cal_q,are_cal_y,ei_r,m_crps,model,scenario,seed
0.269635479486799,0.0587485926855662,0.0450498267323698,1.06459860474828,391.900513551074,COX,delta,4
