are_tot,are_cal_q,are_cal_y,ei_r,m_crps,model,scenario,seed
0.210248854899715,0.186240914792317,0.89968793883623,1.18880534231621,398.325085926025,xgboost,gamma,6
