are_tot,are_cal_q,are_cal_y,ei_r,m_crps,model,scenario,seed
0.163165839999671,0.056263448744992,0.0422790828041952,1.0557092389381,229.982580326995,xgboost,zeta,12
