are_tot,are_cal_q,are_cal_y,ei_r,m_crps,model,scenario,seed
0.136100889384658,0.130921618106881,0.919123062463948,0.986629633635803,358.943621459114,COX,epsilon,17
