are_tot,are_cal_q,are_cal_y,ei_r,m_crps,model,scenario,seed
0.241684664018411,0.152815235784653,0.172002431618578,1.16517406121424,295.752845092907,COX,zeta,16
