are_tot,are_cal_q,are_cal_y,ei_r,m_crps,model,scenario,seed
0.167105351266714,0.0889980825202263,0.0807829941650884,0.962837964038675,411.411451542013,xgboost,beta,2
