are_tot,are_cal_q,are_cal_y,ei_r,m_crps,model,scenario,seed
0.165688590007381,0.177778377462804,0.935347980748512,0.957321583316393,429.074162885579,xgboost,beta,14
