are_tot,are_cal_q,are_cal_y,ei_r,m_crps,model,scenario,seed
0.156998801230243,0.14526097638055,0.910532498118855,0.99069808358981,385.377160493174,xgboost,delta,5
