are_tot,are_cal_q,are_cal_y,ei_r,m_crps,model,scenario,seed
0.145476183510024,0.0524680286752966,0.0569492837785416,1.00044212857688,372.740723029848,xgboost,delta,2
