are_tot,are_cal_q,are_cal_y,ei_r,m_crps,model,scenario,seed
0.110601965187541,0.0316250664459556,0.0214087581249923,1.01243725532809,350.159138997792,deepsurv,epsilon,4
