are_tot,are_cal_q,are_cal_y,ei_r,m_crps,model,scenario,seed
0.132457080589695,0.145971020878459,0.893601684179482,1.0331384620615,408.324910999368,COX,gamma,16
