are_tot,are_cal_q,are_cal_y,ei_r,m_crps,model,scenario,seed
0.171559004398729,0.173862755754258,0.906623641558874,1.14110683494084,402.984692042765,xgboost,gamma,8
