are_tot,are_cal_q,are_cal_y,ei_r,m_crps,model,scenario,seed
0.19661427907326,0.181873473268139,0.912062417564046,1.05612591212999,404.750806372181,deepsurv,delta,17
