are_tot,are_cal_q,are_cal_y,ei_r,m_crps,model,scenario,seed
0.147110420366901,0.151486911821657,0.901792421708278,1.01157228507464,412.884453878202,deepsurv,gamma,19
