are_tot,are_cal_q,are_cal_y,ei_r,m_crps,model,scenario,seed
0.108335753631947,0.124210158035217,0.901172778910597,1.05599602102021,352.393111942251,COX,epsilon,11
