are_tot,are_cal_q,are_cal_y,ei_r,m_crps,model,scenario,seed
0.147512816749265,0.0522144919617285,0.022543549540527,1.07747883260121,363.974600265746,xgboost,alpha,1
