are_tot,are_cal_q,are_cal_y,ei_r,m_crps,model,scenario,seed
0.189700922431937,0.192962265099708,0.893583114701308,0.973216267883222,408.834078784283,deepsurv,beta,10
