are_tot,are_cal_q,are_cal_y,ei_r,m_crps,model,scenario,seed
0.234951441190426,0.207279729894591,0.907042225241913,1.04334481328425,390.56005917312,COX,delta,16
