are_tot,are_cal_q,are_cal_y,ei_r,m_crps,model,scenario,seed
0.159186799736974,0.146427044462305,0.890373866165752,1.10705633449099,402.723699882888,xgboost,gamma,15
