are_tot,are_cal_q,are_cal_y,ei_r,m_crps,model,scenario,seed
0.134886517304049,0.145715333621988,0.886106804341872,1.09331519520917,395.694196491751,xgboost,gamma,13
