are_tot,are_cal_q,are_cal_y,ei_r,m_crps,model,scenario,seed
0.151132157116379,0.164428846206632,0.89114726900234,1.12812396027139,401.762357004035,xgboost,gamma,12
