are_tot,are_cal_q,are_cal_y,ei_r,m_crps,model,scenario,seed
0.27823243879483,0.228044771597973,0.210172497816781,1.27476814210725,395.036504759657,deepsurv,gamma,2
