are_tot,are_cal_q,are_cal_y,ei_r,m_crps,model,scenario,seed
0.151183919120527,0.14671247589966,0.923603144730133,0.973581911974305,380.799437167525,COX,alpha,8
