are_tot,are_cal_q,are_cal_y,ei_r,m_crps,model,scenario,seed
0.129076116778751,0.137180793441215,0.89744559589491,1.05449454371362,408.058431394521,xgboost,gamma,16
