are_tot,are_cal_q,are_cal_y,ei_r,m_crps,model,scenario,seed
0.161659756101222,0.0943604990668895,0.0836436706867457,0.934336503419625,290.718624600662,COX,zeta,17
