are_tot,are_cal_q,are_cal_y,ei_r,m_crps,model,scenario,seed
0.134057733949443,0.153434724842805,0.912988763992798,1.02523922125427,387.331901204004,xgboost,delta,10
