are_tot,are_cal_q,are_cal_y,ei_r,m_crps,model,scenario,seed
0.205479350130763,0.193619274149239,0.901708486705433,1.16065482522592,428.258572809373,deepsurv,beta,6
