are_tot,are_cal_q,are_cal_y,ei_r,m_crps,model,scenario,seed
0.205007808792771,0.18098163144487,0.90387056199123,1.0793713837505,386.522654627543,deepsurv,delta,15
