are_tot,are_cal_q,are_cal_y,ei_r,m_crps,model,scenario,seed
0.133888161722528,0.127987589506841,0.912842197551473,1.01084484617253,343.521908308362,COX,epsilon,6
