are_tot,are_cal_q,are_cal_y,ei_r,m_crps,model,scenario,seed
0.132796030108608,0.0469965140188206,0.0340480237217048,1.08258845233981,371.581801501346,xgboost,alpha,2
