are_tot,are_cal_q,are_cal_y,ei_r,m_crps,model,scenario,seed
0.657144380618243,0.0964108059908505,0.0964108059908505,0.970141973563423,,MW_months,alpha,11
0.133866238085002,0.0300628575082022,0.0219033474280313,1.02242622138773,,CL,alpha,11
0.206971083862197,0.0467482844733534,0.0467482844733534,0.969412898797449,,MW_quarters,alpha,11
