are_tot,are_cal_q,are_cal_y,ei_r,m_crps,model,scenario,seed
0.136852406951269,0.145811718773768,0.901459576348964,1.03978032436322,362.231396829849,xgboost,alpha,13
