are_tot,are_cal_q,are_cal_y,ei_r,m_crps,model,scenario,seed
0.145070902004713,0.149546950229459,0.915089200106793,1.00091440189847,421.743912967825,deepsurv,beta,16
