are_tot,are_cal_q,are_cal_y,ei_r,m_crps,model,scenario,seed
0.193256881828426,0.0877649552004757,0.0639635873883056,0.948628448774654,245.408256741028,xgboost,zeta,13
