are_tot,are_cal_q,are_cal_y,ei_r,m_crps,model,scenario,seed
0.129974504086634,0.132236380948874,0.933170836100759,0.932560896305209,376.638108603243,COX,alpha,9
