are_tot,are_cal_q,are_cal_y,ei_r,m_crps,model,scenario,seed
0.166150623596463,0.178277745166385,0.936111305908338,0.950552472502689,430.135429238888,deepsurv,beta,14
