are_tot,are_cal_q,are_cal_y,ei_r,m_crps,model,scenario,seed
0.159870787978011,0.0617748577167052,0.0335893539516855,0.995076197733063,379.05398814663,deepsurv,alpha,5
