are_tot,are_cal_q,are_cal_y,ei_r,m_crps,model,scenario,seed
0.166423979080884,0.180555791193061,0.935089505096033,0.970456939544831,415.192996172634,deepsurv,beta,9
