are_tot,are_cal_q,are_cal_y,ei_r,m_crps,model,scenario,seed
0.163137648924325,0.173380242874688,0.916460811855852,0.992697350501102,418.929330851504,deepsurv,beta,11
