are_tot,are_cal_q,are_cal_y,ei_r,m_crps,model,scenario,seed
0.163970744569927,0.163474689391643,0.906001216019625,0.96912288092152,415.802687947831,deepsurv,gamma,8
