are_tot,are_cal_q,are_cal_y,ei_r,m_crps,model,scenario,seed
0.135134155700875,0.0526911045770186,0.0458356736427285,0.972488544826495,376.797500163028,xgboost,alpha,3
