are_tot,are_cal_q,are_cal_y,ei_r,m_crps,model,scenario,seed
0.309452943101748,0.171904125324546,0.161886198512331,1.20189065162918,256.558350828457,deepsurv,zeta,20
