are_tot,are_cal_q,are_cal_y,ei_r,m_crps,model,scenario,seed
0.154126409199779,0.14836703425049,0.90949045513897,1.00905389343011,373.705988617914,deepsurv,alpha,12
