are_tot,are_cal_q,are_cal_y,ei_r,m_crps,model,scenario,seed
0.188346937387514,0.17035173833354,0.916588617430843,1.06545057970244,407.936191293348,deepsurv,delta,8
