are_tot,are_cal_q,are_cal_y,ei_r,m_crps,model,scenario,seed
0.10321050048757,0.117178997536769,0.912834632093818,1.03377988969522,349.493273136285,xgboost,epsilon,4
