are_tot,are_cal_q,are_cal_y,ei_r,m_crps,model,scenario,seed
0.126681562160712,0.142052928359589,0.926304206697841,0.998672299249092,375.207994579262,deepsurv,alpha,18
