are_tot,are_cal_q,are_cal_y,ei_r,m_crps,model,scenario,seed
0.145476183510024,0.145980021479229,0.900138946568561,1.00044212857688,372.740723029848,xgboost,delta,2
