are_tot,are_cal_q,are_cal_y,ei_r,m_crps,model,scenario,seed
0.14271873303694,0.145011541420397,0.918071893406753,1.06362333068439,373.134053375516,deepsurv,alpha,16
