are_tot,are_cal_q,are_cal_y,ei_r,m_crps,model,scenario,seed
0.187560008662997,0.0922434779733794,0.106690754729983,0.936714382107888,355.473289607922,xgboost,epsilon,5
