are_tot,are_cal_q,are_cal_y,ei_r,m_crps,model,scenario,seed
0.157701835804237,0.0586139423544771,0.0316068831705837,1.00965041414862,416.411878309746,deepsurv,gamma,5
