are_tot,are_cal_q,are_cal_y,ei_r,m_crps,model,scenario,seed
0.203021216061051,0.176656071513671,0.920432985655517,1.06544231122934,391.349419197347,deepsurv,delta,18
