are_tot,are_cal_q,are_cal_y,ei_r,m_crps,model,scenario,seed
0.138642929064301,0.137928334920862,0.917114069674995,1.05903666455767,372.248359001895,deepsurv,alpha,19
