are_tot,are_cal_q,are_cal_y,ei_r,m_crps,model,scenario,seed
0.149854475575005,0.163013446929605,0.916151970907372,1.02301470408615,412.411314484722,xgboost,beta,18
