are_tot,are_cal_q,are_cal_y,ei_r,m_crps,model,scenario,seed
0.159800029028289,0.161026892236813,0.915928646458744,0.977658558840816,375.603400684789,xgboost,delta,4
