are_tot,are_cal_q,are_cal_y,ei_r,m_crps,model,scenario,seed
0.151412972875903,0.128244349729089,0.916183980597103,1.10063392589812,346.233666047197,xgboost,epsilon,2
