are_tot,are_cal_q,are_cal_y,ei_r,m_crps,model,scenario,seed
0.115779056039999,0.139925659495342,0.910198265032125,0.997652750774917,380.124016174668,deepsurv,alpha,10
