are_tot,are_cal_q,are_cal_y,ei_r,m_crps,model,scenario,seed
0.137125508726574,0.142412184402068,0.907738396308926,0.984695503529911,405.295320363465,COX,gamma,7
