are_tot,are_cal_q,are_cal_y,ei_r,m_crps,model,scenario,seed
0.132661019863379,0.130487049950896,0.930240833845214,0.925966786468781,355.970038479735,COX,epsilon,9
