are_tot,are_cal_q,are_cal_y,ei_r,m_crps,model,scenario,seed
0.167346547661729,0.114553539964587,0.911983980704497,1.10328367511091,407.879244009578,xgboost,gamma,18
