are_tot,are_cal_q,are_cal_y,ei_r,m_crps,model,scenario,seed
0.134156056657021,0.119300115300278,0.925432793247459,0.935285577199378,354.879633539148,xgboost,epsilon,7
