are_tot,are_cal_q,are_cal_y,ei_r,m_crps,model,scenario,seed
0.214158955349876,0.193185742055011,0.924877215583622,0.940408791027729,393.364079835457,deepsurv,delta,9
