are_tot,are_cal_q,are_cal_y,ei_r,m_crps,model,scenario,seed
0.200081116317842,0.154342232272936,0.14423945353045,1.42727367602792,390.644685261136,deepsurv,beta,5
