are_tot,are_cal_q,are_cal_y,ei_r,m_crps,model,scenario,seed
0.135220602531945,0.128639716401173,0.905754618370629,1.01845813630697,347.833101957645,xgboost,epsilon,12
