are_tot,are_cal_q,are_cal_y,ei_r,m_crps,model,scenario,seed
0.223883277295911,0.201484156158658,0.904289810368344,1.03760421504134,404.153949493571,COX,delta,11
