are_tot,are_cal_q,are_cal_y,ei_r,m_crps,model,scenario,seed
0.151985851279961,0.121407078129896,0.915057326315842,1.11545521419927,363.815439329947,COX,alpha,6
