are_tot,are_cal_q,are_cal_y,ei_r,m_crps,model,scenario,seed
0.173033037727714,0.0749168898893488,0.0505880599335123,0.959229640717341,414.458612771611,deepsurv,beta,3
