are_tot,are_cal_q,are_cal_y,ei_r,m_crps,model,scenario,seed
0.331609455504021,0.206334957795879,0.200909131377418,1.24054954685,294.716973460603,COX,zeta,20
