are_tot,are_cal_q,are_cal_y,ei_r,m_crps,model,scenario,seed
0.148235924870088,0.133790299565222,0.922907438942629,0.975874516046904,353.965542869226,xgboost,epsilon,18
