are_tot,are_cal_q,are_cal_y,ei_r,m_crps,model,scenario,seed
0.183300842303414,0.139009669831074,0.112217151825127,1.17445378315127,356.27573090064,deepsurv,alpha,1
