are_tot,are_cal_q,are_cal_y,ei_r,m_crps,model,scenario,seed
0.138642929063247,0.137928334921607,0.917114069674685,1.05903666455451,372.248359002075,deepsurv,alpha,19
