are_tot,are_cal_q,are_cal_y,ei_r,m_crps,model,scenario,seed
0.159121416177028,0.0541686202782714,0.0215579746484107,1.02422735343935,249.176579413023,xgboost,zeta,7
