are_tot,are_cal_q,are_cal_y,ei_r,m_crps,model,scenario,seed
0.150548563822006,0.164397035596238,0.888990294564906,1.0823528554179,403.221661440789,COX,gamma,12
