are_tot,are_cal_q,are_cal_y,ei_r,m_crps,model,scenario,seed
0.157385388736163,0.0647047197456388,0.0375693823219587,1.00178802681407,302.047768295441,COX,zeta,1
