are_tot,are_cal_q,are_cal_y,ei_r,m_crps,model,scenario,seed
0.164528102952223,0.153926196225118,0.908694508133971,1.04215809449599,414.885393841498,xgboost,gamma,17
