are_tot,are_cal_q,are_cal_y,ei_r,m_crps,model,scenario,seed
0.150141639642543,0.146322855581364,0.923518991634401,0.978186518352835,380.356358525042,xgboost,alpha,8
