are_tot,are_cal_q,are_cal_y,ei_r,m_crps,model,scenario,seed
0.140611661821078,0.0519826006002598,0.0156155814462348,0.99162007251184,244.136238911524,deepsurv,zeta,18
