are_tot,are_cal_q,are_cal_y,ei_r,m_crps,model,scenario,seed
0.16343889134879,0.173021671750711,0.929252722384916,0.955417760825598,418.314339667203,xgboost,beta,7
