are_tot,are_cal_q,are_cal_y,ei_r,m_crps,model,scenario,seed
0.16987492808537,0.0367739682351459,0.0160415989228658,1.00418870382225,404.183627101026,deepsurv,delta,5
