are_tot,are_cal_q,are_cal_y,ei_r,m_crps,model,scenario,seed
0.142801921324131,0.133987739314602,0.910506796631747,0.980776674066819,354.059903535405,xgboost,epsilon,10
