are_tot,are_cal_q,are_cal_y,ei_r,m_crps,model,scenario,seed
0.123111827427811,0.144098476812249,0.909822256884258,0.997857391202299,379.26150745085,xgboost,alpha,10
