are_tot,are_cal_q,are_cal_y,ei_r,m_crps,model,scenario,seed
0.122676615145444,0.13051643946857,0.93632159784892,0.939031364738377,377.188863912117,xgboost,alpha,9
