are_tot,are_cal_q,are_cal_y,ei_r,m_crps,model,scenario,seed
0.152493286961728,0.147018194480199,0.923579807007288,0.970491999144535,381.063965099247,deepsurv,alpha,8
