are_tot,are_cal_q,are_cal_y,ei_r,m_crps,model,scenario,seed
0.136620937001896,0.129875377796622,0.906750660284596,1.0110214795269,348.503925814012,COX,epsilon,12
