are_tot,are_cal_q,are_cal_y,ei_r,m_crps,model,scenario,seed
0.165860365125144,0.139718926237412,0.917604220907581,1.01386683997054,357.810808228121,xgboost,epsilon,17
