are_tot,are_cal_q,are_cal_y,ei_r,m_crps,model,scenario,seed
0.133679801598648,0.146790933233117,0.901322106809987,1.05563653873735,361.079627114006,COX,alpha,13
