are_tot,are_cal_q,are_cal_y,ei_r,m_crps,model,scenario,seed
0.158541464264729,0.170867856050613,0.929374546866694,0.980776219789423,416.182295920987,COX,beta,7
