are_tot,are_cal_q,are_cal_y,ei_r,m_crps,model,scenario,seed
0.160176683029321,0.0571413673940607,0.0173269018868165,1.00893960749556,329.909639673544,COX,zeta,7
