are_tot,are_cal_q,are_cal_y,ei_r,m_crps,model,scenario,seed
0.160629062936741,0.0672672847561544,0.058326608863249,0.956780828134246,418.93199021567,xgboost,beta,1
