are_tot,are_cal_q,are_cal_y,ei_r,m_crps,model,scenario,seed
0.160813012685625,0.0563424938747591,0.0165617997348141,0.999567318025681,250.58078760773,xgboost,zeta,9
