are_tot,are_cal_q,are_cal_y,ei_r,m_crps,model,scenario,seed
0.126378318343314,0.142130044011926,0.926597476781654,0.995373307068493,375.779977571093,COX,alpha,18
