are_tot,are_cal_q,are_cal_y,ei_r,m_crps,model,scenario,seed
0.128835822341015,0.125263068938644,0.916375289444906,0.998199701042074,354.584404556157,COX,epsilon,8
