are_tot,are_cal_q,are_cal_y,ei_r,m_crps,model,scenario,seed
0.239146518546318,0.204475011204291,0.910599626659632,1.04591893368073,393.254769904786,COX,delta,19
