are_tot,are_cal_q,are_cal_y,ei_r,m_crps,model,scenario,seed
0.216713619772735,0.204460484985034,0.908771999831838,1.10762925342597,398.357255188458,deepsurv,delta,12
