are_tot,are_cal_q,are_cal_y,ei_r,m_crps,model,scenario,seed
0.166426107634695,0.180022652146299,0.934925728506999,0.972869957536833,414.969120015361,xgboost,beta,9
