are_tot,are_cal_q,are_cal_y,ei_r,m_crps,model,scenario,seed
0.47780590488229,0.47780590488229,0.47780590488229,1.13553557452644,,MW_months,beta,14
0.203991739269023,0.102766085287433,0.112755741900441,1.09693485406238,,CL,beta,14
0.225714582062386,0.225714582062386,0.225714582062386,1.43142942126687,,MW_quarters,beta,14
