are_tot,are_cal_q,are_cal_y,ei_r,m_crps,model,scenario,seed
0.167012259669643,0.0441124001399877,0.0232830711342094,1.09200202292312,307.975787384743,deepsurv,zeta,6
