are_tot,are_cal_q,are_cal_y,ei_r,m_crps,model,scenario,seed
0.163573100636323,0.147755441822505,0.894428050162765,1.01970527963528,338.846620560304,COX,epsilon,13
