are_tot,are_cal_q,are_cal_y,ei_r,m_crps,model,scenario,seed
0.19655338859229,0.177891982375114,0.921415011981698,1.00579329940611,396.812159371084,COX,delta,18
