are_tot,are_cal_q,are_cal_y,ei_r,m_crps,model,scenario,seed
0.163901227368237,0.160805182854249,0.920592104953175,1.01094446699944,419.413667177603,xgboost,beta,8
