are_tot,are_cal_q,are_cal_y,ei_r,m_crps,model,scenario,seed
0.185839006185806,0.127049953503434,0.101082842593695,0.889018007889348,358.383670861845,COX,zeta,5
