are_tot,are_cal_q,are_cal_y,ei_r,m_crps,model,scenario,seed
0.138249625578823,0.150571276545217,0.911314123343258,1.05851134743888,421.969449413802,xgboost,beta,19
