are_tot,are_cal_q,are_cal_y,ei_r,m_crps,model,scenario,seed
0.172406245492019,0.0659272204329053,0.00861253687982132,1.03631597553571,239.58096019943,xgboost,zeta,4
