are_tot,are_cal_q,are_cal_y,ei_r,m_crps,model,scenario,seed
0.121324788870824,0.136067374513783,0.907395363269758,1.1051498026351,344.837438449144,COX,epsilon,15
