are_tot,are_cal_q,are_cal_y,ei_r,m_crps,model,scenario,seed
0.160458132391474,0.146560094814225,0.914646912068346,1.03789566588052,419.496506819366,xgboost,beta,16
