are_tot,are_cal_q,are_cal_y,ei_r,m_crps,model,scenario,seed
0.355949152957184,0.355949152957184,0.355949152957184,1.1125851441368,,MW_months,epsilon,4
0.118112073116478,0.0369669489837052,0.0246489418625713,1.03362853854381,,CL,epsilon,4
0.124194426326258,0.124194426326258,0.124194426326258,1.22153447389655,,MW_quarters,epsilon,4
