are_tot,are_cal_q,are_cal_y,ei_r,m_crps,model,scenario,seed
0.163948942116261,0.14679645191199,0.895447504953148,1.00756626455309,340.002625953769,xgboost,epsilon,13
