are_tot,are_cal_q,are_cal_y,ei_r,m_crps,model,scenario,seed
0.143848988838619,0.134750695768381,0.905535738632839,1.01879295956088,368.1163687017,xgboost,alpha,20
