are_tot,are_cal_q,are_cal_y,ei_r,m_crps,model,scenario,seed
0.176698748415868,0.176794231101683,0.884887923884685,1.01583185602824,418.140744646026,deepsurv,beta,20
