are_tot,are_cal_q,are_cal_y,ei_r,m_crps,model,scenario,seed
0.147539752551598,0.145623388193279,0.909999735646741,1.01791329942434,373.748165384007,COX,alpha,12
