are_tot,are_cal_q,are_cal_y,ei_r,m_crps,model,scenario,seed
0.244644838526516,0.04191525246106,0.0392240659630763,1.0128889279297,394.915341252551,deepsurv,delta,2
