are_tot,are_cal_q,are_cal_y,ei_r,m_crps,model,scenario,seed
0.383690344431325,0.383690344431325,0.383690344431325,0.942695636371619,,MW_months,epsilon,7
0.117777735721437,0.0483070264028662,0.0195821086179537,0.952299543773627,,CL,epsilon,7
0.149706349350334,0.149706349350334,0.149706349350334,1.23878125713299,,MW_quarters,epsilon,7
