are_tot,are_cal_q,are_cal_y,ei_r,m_crps,model,scenario,seed
0.233681232101586,0.142196379022588,0.160235224677301,1.15328315055187,265.930995330976,deepsurv,zeta,16
