are_tot,are_cal_q,are_cal_y,ei_r,m_crps,model,scenario,seed
0.136262116190452,0.0638699834865088,0.0351954025114615,1.07020619278794,413.020882266346,xgboost,gamma,5
