are_tot,are_cal_q,are_cal_y,ei_r,m_crps,model,scenario,seed
0.168719073284288,0.143624353467809,0.92022414894415,1.01229238648237,375.781784292639,xgboost,delta,14
