are_tot,are_cal_q,are_cal_y,ei_r,m_crps,model,scenario,seed
0.484125733890167,0.180802920151205,0.180802920151205,1.18783980430832,,MW_months,alpha,19
0.161885870305654,0.0536619924367899,0.0305330788333906,1.01086847469919,,CL,alpha,19
0.182170327221576,0.0603199546322272,0.0603199546322272,1.01934185251357,,MW_quarters,alpha,19
