are_tot,are_cal_q,are_cal_y,ei_r,m_crps,model,scenario,seed
0.15456835179321,0.0601709510553328,0.0282676265377613,0.99827759919439,379.86369662335,COX,alpha,5
