are_tot,are_cal_q,are_cal_y,ei_r,m_crps,model,scenario,seed
0.161624453689439,0.147807913304115,0.921418828311984,0.951846060644869,379.211121029339,xgboost,delta,7
