are_tot,are_cal_q,are_cal_y,ei_r,m_crps,model,scenario,seed
0.158262661407153,0.0642487752379618,0.0434506518223266,1.04207716445588,242.553557612721,xgboost,zeta,2
