are_tot,are_cal_q,are_cal_y,ei_r,m_crps,model,scenario,seed
0.140326883834689,0.150456966535292,0.910274325538439,1.0705464202777,420.485185538473,deepsurv,beta,19
