are_tot,are_cal_q,are_cal_y,ei_r,m_crps,model,scenario,seed
0.131807373995101,0.13819083207319,0.910162023642524,1.00681160806109,393.881471516371,deepsurv,alpha,11
