are_tot,are_cal_q,are_cal_y,ei_r,m_crps,model,scenario,seed
0.179166884134308,0.0711856918432452,0.0271039417227075,1.03315906371765,352.784930376262,COX,zeta,8
