are_tot,are_cal_q,are_cal_y,ei_r,m_crps,model,scenario,seed
0.162093675471145,0.176733916005411,0.89455022441523,1.02761863000528,405.0704690884,xgboost,beta,10
