are_tot,are_cal_q,are_cal_y,ei_r,m_crps,model,scenario,seed
0.171161087228042,0.168191947636536,0.890480878419223,1.02159193018158,406.230442269507,deepsurv,gamma,12
