are_tot,are_cal_q,are_cal_y,ei_r,m_crps,model,scenario,seed
0.153206392478334,0.15978221409702,0.91454653689158,1.05951573547837,406.513171399178,xgboost,gamma,14
