are_tot,are_cal_q,are_cal_y,ei_r,m_crps,model,scenario,seed
0.134614140465697,0.154389613008078,0.891172466362176,1.07674587550494,413.436965325244,COX,gamma,11
