are_tot,are_cal_q,are_cal_y,ei_r,m_crps,model,scenario,seed
0.118050937485341,0.135566810672111,0.911902305914566,1.01555093562445,411.124832028871,deepsurv,gamma,18
