are_tot,are_cal_q,are_cal_y,ei_r,m_crps,model,scenario,seed
0.174309521608296,0.102334307157563,0.0696965564858432,0.921597994721537,322.987913294572,deepsurv,zeta,5
