are_tot,are_cal_q,are_cal_y,ei_r,m_crps,model,scenario,seed
0.129279530069621,0.129948931318679,0.918220062216557,1.0063314575454,357.135057329879,deepsurv,epsilon,17
