are_tot,are_cal_q,are_cal_y,ei_r,m_crps,model,scenario,seed
0.218823318468909,0.199724712188701,0.907266810293102,1.12262458094267,398.306874459288,deepsurv,delta,6
