are_tot,are_cal_q,are_cal_y,ei_r,m_crps,model,scenario,seed
0.199477183334863,0.181990174134988,0.914882448253896,1.00685063062835,398.099514534827,deepsurv,delta,7
