are_tot,are_cal_q,are_cal_y,ei_r,m_crps,model,scenario,seed
0.118212885889589,0.128440400676184,0.918220744626017,1.01432215662033,352.236512884945,xgboost,epsilon,14
