are_tot,are_cal_q,are_cal_y,ei_r,m_crps,model,scenario,seed
0.206651645430926,0.186965483341019,0.892807756816533,1.14426076899902,395.504540573056,deepsurv,delta,20
