are_tot,are_cal_q,are_cal_y,ei_r,m_crps,model,scenario,seed
0.124358422273616,0.142089034266434,0.927150935442944,1.02231033134912,373.706472458028,xgboost,alpha,18
