are_tot,are_cal_q,are_cal_y,ei_r,m_crps,model,scenario,seed
0.169695602179723,0.165499123979645,0.894055040760644,0.947732596623654,416.952118477598,deepsurv,gamma,10
