are_tot,are_cal_q,are_cal_y,ei_r,m_crps,model,scenario,seed
0.146407393406107,0.154956587197361,0.913175752426197,0.987962192503957,413.613894444663,xgboost,beta,17
