are_tot,are_cal_q,are_cal_y,ei_r,m_crps,model,scenario,seed
0.149432861846,0.148503607171768,0.910302826564346,1.02506625676001,369.942451150307,COX,alpha,15
