are_tot,are_cal_q,are_cal_y,ei_r,m_crps,model,scenario,seed
0.15104541471912,0.0565878043729094,0.0542915218263682,0.989191839766567,353.925137109547,deepsurv,epsilon,5
