are_tot,are_cal_q,are_cal_y,ei_r,m_crps,model,scenario,seed
0.171109871007358,0.0407685292328871,0.00875002645577124,1.07422408178838,287.082676094401,COX,zeta,6
