are_tot,are_cal_q,are_cal_y,ei_r,m_crps,model,scenario,seed
0.138870032984688,0.127380907435897,0.912713594153762,0.983445493040408,345.597716245754,xgboost,epsilon,6
