are_tot,are_cal_q,are_cal_y,ei_r,m_crps,model,scenario,seed
0.202492900907256,0.187366036721658,0.910274022786393,1.0575815217238,387.904374479308,COX,delta,6
