are_tot,are_cal_q,are_cal_y,ei_r,m_crps,model,scenario,seed
0.194601073459753,0.0516478294757324,0.05259623699289,1.07690368600259,297.834156846759,COX,zeta,11
