are_tot,are_cal_q,are_cal_y,ei_r,m_crps,model,scenario,seed
0.164827806250955,0.0795279676329863,0.0659963727399542,0.978769765966794,409.684944152298,deepsurv,beta,2
