are_tot,are_cal_q,are_cal_y,ei_r,m_crps,model,scenario,seed
0.144355333831755,0.155085318641211,0.876180319411491,1.08901965219359,395.403167825728,deepsurv,gamma,13
