are_tot,are_cal_q,are_cal_y,ei_r,m_crps,model,scenario,seed
0.161034288534745,0.084412126217685,0.0740292865063874,0.942839709873788,256.775906898388,xgboost,zeta,3
