are_tot,are_cal_q,are_cal_y,ei_r,m_crps,model,scenario,seed
0.162151314768261,0.141461235620737,0.911447907847889,0.932654324148953,358.424026782782,deepsurv,epsilon,10
