are_tot,are_cal_q,are_cal_y,ei_r,m_crps,model,scenario,seed
0.461328421791814,0.461328421791814,0.461328421791814,1.05182720483363,,MW_months,beta,9
0.176578034519403,0.0865265568407193,0.0701878287979529,1.06620751175547,,CL,beta,9
0.186945735386335,0.186945735386335,0.186945735386335,1.45549268864678,,MW_quarters,beta,9
