are_tot,are_cal_q,are_cal_y,ei_r,m_crps,model,scenario,seed
0.181274605117077,0.165079936971255,0.919346516872865,0.999309428180214,399.945587186922,COX,delta,8
