are_tot,are_cal_q,are_cal_y,ei_r,m_crps,model,scenario,seed
0.164916854846584,0.0619010892671225,0.0718498473636113,0.999595180375614,342.567441717955,deepsurv,epsilon,1
