are_tot,are_cal_q,are_cal_y,ei_r,m_crps,model,scenario,seed
0.131273569650466,0.14721904976556,0.920151253606154,1.04392259410767,373.333692596581,xgboost,alpha,16
