are_tot,are_cal_q,are_cal_y,ei_r,m_crps,model,scenario,seed
0.277547569468893,0.243208140046614,0.250819242008657,1.26099966892134,316.548807510454,deepsurv,zeta,12
