are_tot,are_cal_q,are_cal_y,ei_r,m_crps,model,scenario,seed
0.129144373531802,0.12897627301426,0.931369822378104,0.924977805081415,356.875671839423,xgboost,epsilon,9
