are_tot,are_cal_q,are_cal_y,ei_r,m_crps,model,scenario,seed
0.136338929747786,0.146167122165399,0.907449993937648,1.02523648105771,386.306056651296,deepsurv,alpha,15
