are_tot,are_cal_q,are_cal_y,ei_r,m_crps,model,scenario,seed
0.170694950694265,0.162859703256545,0.929844920008139,0.959561313753738,383.388540132335,xgboost,delta,8
