are_tot,are_cal_q,are_cal_y,ei_r,m_crps,model,scenario,seed
0.141200970705853,0.157028027915485,0.905301469686237,1.04446350758952,413.47787799883,deepsurv,beta,15
