are_tot,are_cal_q,are_cal_y,ei_r,m_crps,model,scenario,seed
0.138685646180227,0.149739569546468,0.9106216373895,1.0610534268255,421.60810068184,COX,beta,19
