are_tot,are_cal_q,are_cal_y,ei_r,m_crps,model,scenario,seed
0.156901546488611,0.0712991410621789,0.0667448415429583,1.07176763833596,416.948101895888,xgboost,gamma,4
