are_tot,are_cal_q,are_cal_y,ei_r,m_crps,model,scenario,seed
0.153557730212038,0.149364763848459,0.913985393048287,1.07315394103117,371.068484319432,xgboost,delta,15
