are_tot,are_cal_q,are_cal_y,ei_r,m_crps,model,scenario,seed
0.134950071043075,0.132042096249682,0.930386117609248,0.918215901772155,357.017383513356,deepsurv,epsilon,9
