are_tot,are_cal_q,are_cal_y,ei_r,m_crps,model,scenario,seed
0.15296960705209,0.161904544526963,0.908180015125547,1.00220017466332,416.581283430655,deepsurv,gamma,17
