are_tot,are_cal_q,are_cal_y,ei_r,m_crps,model,scenario,seed
0.187824455252923,0.0329157864756472,0.0200783675577596,1.56659636777668,244.338351618049,xgboost,zeta,19
