are_tot,are_cal_q,are_cal_y,ei_r,m_crps,model,scenario,seed
0.148215438849914,0.147870716415585,0.900221422382528,1.05505689517097,409.367586100263,COX,gamma,19
