are_tot,are_cal_q,are_cal_y,ei_r,m_crps,model,scenario,seed
0.159471845992406,0.161802353464548,0.914439127374745,0.943937032079569,417.409827145509,deepsurv,beta,17
