are_tot,are_cal_q,are_cal_y,ei_r,m_crps,model,scenario,seed
0.149117266146741,0.0566877666427001,0.0547094083865365,0.987821527349597,354.474011418398,COX,epsilon,5
