are_tot,are_cal_q,are_cal_y,ei_r,m_crps,model,scenario,seed
0.146562694984515,0.0679974673581261,0.0417989833780276,0.98340081163147,412.371077319783,xgboost,gamma,3
