are_tot,are_cal_q,are_cal_y,ei_r,m_crps,model,scenario,seed
0.246006284576026,0.198874464355258,0.889523445977846,1.23962539159007,392.934733954629,deepsurv,gamma,16
