are_tot,are_cal_q,are_cal_y,ei_r,m_crps,model,scenario,seed
0.142014865232768,0.0508904006267648,0.0115151995366307,0.997951643135748,244.531644195311,xgboost,zeta,18
