are_tot,are_cal_q,are_cal_y,ei_r,m_crps,model,scenario,seed
0.130298130022084,0.143709935523755,0.910561947140618,1.0809113994244,367.984096797977,xgboost,alpha,15
