are_tot,are_cal_q,are_cal_y,ei_r,m_crps,model,scenario,seed
0.189102268545148,0.174395823260932,0.920815697036667,0.927980061896494,382.212426522672,xgboost,delta,17
