are_tot,are_cal_q,are_cal_y,ei_r,m_crps,model,scenario,seed
0.18534856066708,0.128605922128572,0.104448732538829,0.887245147775284,292.099466574746,COX,zeta,10
