are_tot,are_cal_q,are_cal_y,ei_r,m_crps,model,scenario,seed
0.145159435928522,0.066619235312705,0.0252283513307062,1.0658805503898,413.330985023282,COX,gamma,5
