are_tot,are_cal_q,are_cal_y,ei_r,m_crps,model,scenario,seed
0.15361835413874,0.138216629674245,0.905934000473995,0.987005771716478,370.877669766837,deepsurv,alpha,20
