are_tot,are_cal_q,are_cal_y,ei_r,m_crps,model,scenario,seed
0.122027251549586,0.138191922013744,0.898680685049989,1.06493407828849,377.630510563422,deepsurv,alpha,13
