are_tot,are_cal_q,are_cal_y,ei_r,m_crps,model,scenario,seed
0.121075800599828,0.0492763858539663,0.0308261740245788,1.0226328559004,346.722596009802,deepsurv,epsilon,2
