are_tot,are_cal_q,are_cal_y,ei_r,m_crps,model,scenario,seed
0.152387311085185,0.157825964778337,0.914063591877182,0.961445426116635,416.085699210725,COX,beta,17
