are_tot,are_cal_q,are_cal_y,ei_r,m_crps,model,scenario,seed
0.118825061884476,0.0303368519692222,0.0190786779318066,1.03128309064987,372.584548914654,deepsurv,alpha,2
