are_tot,are_cal_q,are_cal_y,ei_r,m_crps,model,scenario,seed
0.203806553885655,0.0837295332007721,0.0779328638053779,1.12189575919106,410.389339884104,xgboost,gamma,2
