are_tot,are_cal_q,are_cal_y,ei_r,m_crps,model,scenario,seed
0.187216735259867,0.0731937462252811,0.0425926542085386,0.970343644475604,276.178101615949,deepsurv,zeta,13
