are_tot,are_cal_q,are_cal_y,ei_r,m_crps,model,scenario,seed
0.130553725695204,0.138870820502153,0.885111611840298,1.07595428144871,406.276335175884,xgboost,gamma,20
