are_tot,are_cal_q,are_cal_y,ei_r,m_crps,model,scenario,seed
0.13612888404877,0.166074283598645,0.896205496351111,1.05115402982647,365.684109092362,xgboost,delta,1
