are_tot,are_cal_q,are_cal_y,ei_r,m_crps,model,scenario,seed
0.148672944158615,0.143615112933205,0.918385142779925,1.06922933438913,373.331234953272,COX,alpha,16
