are_tot,are_cal_q,are_cal_y,ei_r,m_crps,model,scenario,seed
0.123684406704012,0.142576206142019,0.918174309168152,0.981360038670289,408.271528247831,deepsurv,gamma,9
