are_tot,are_cal_q,are_cal_y,ei_r,m_crps,model,scenario,seed
0.182525638638063,0.0373359850997733,0.0130712535601579,1.53005896706864,226.722222917322,deepsurv,zeta,19
