are_tot,are_cal_q,are_cal_y,ei_r,m_crps,model,scenario,seed
0.176826480865216,0.164488034404408,0.90683840094226,0.994022397863479,373.595311785979,xgboost,delta,20
