are_tot,are_cal_q,are_cal_y,ei_r,m_crps,model,scenario,seed
0.170826191284584,0.179950032972712,0.924596860188549,0.967515572023677,426.816167305181,xgboost,beta,13
