are_tot,are_cal_q,are_cal_y,ei_r,m_crps,model,scenario,seed
0.385440708067362,0.152095081269862,0.907797832041517,1.38071870897968,343.501967130819,xgboost,epsilon,15
