are_tot,are_cal_q,are_cal_y,ei_r,m_crps,model,scenario,seed
0.160435537325738,0.156116935896302,0.914365492399277,0.979245212477878,372.694511173907,xgboost,delta,16
