are_tot,are_cal_q,are_cal_y,ei_r,m_crps,model,scenario,seed
0.153754031160456,0.13375370143235,0.909284261006107,1.09828950093627,346.209894159676,deepsurv,epsilon,19
