are_tot,are_cal_q,are_cal_y,ei_r,m_crps,model,scenario,seed
0.143042673972299,0.056291104070847,0.0255416099646036,0.981620941385003,304.530977340225,COX,zeta,18
