are_tot,are_cal_q,are_cal_y,ei_r,m_crps,model,scenario,seed
0.139893716146716,0.133610524377718,0.910462535743887,0.987973680282403,353.6392415509,COX,epsilon,10
