are_tot,are_cal_q,are_cal_y,ei_r,m_crps,model,scenario,seed
0.164262863311815,0.16074021468551,0.921474781077239,1.01074393927356,419.438400641993,deepsurv,beta,8
