are_tot,are_cal_q,are_cal_y,ei_r,m_crps,model,scenario,seed
0.153177562682654,0.156495552963608,0.90351166055351,1.0622107563544,412.677810373476,xgboost,beta,12
