are_tot,are_cal_q,are_cal_y,ei_r,m_crps,model,scenario,seed
0.137377913914181,0.118982676425447,0.919828715309519,0.972997214988818,352.214142505875,COX,epsilon,16
