are_tot,are_cal_q,are_cal_y,ei_r,m_crps,model,scenario,seed
0.198604231001461,0.181645272087666,0.919298266107827,1.09792569313211,419.573773970768,deepsurv,beta,7
