are_tot,are_cal_q,are_cal_y,ei_r,m_crps,model,scenario,seed
0.138863046085081,0.144402870359891,0.910104026274616,0.954448971956525,408.854924588263,deepsurv,gamma,7
