are_tot,are_cal_q,are_cal_y,ei_r,m_crps,model,scenario,seed
0.144620247694194,0.0671707790368345,0.0491767561053929,0.969074566471831,228.280713924262,xgboost,zeta,17
