are_tot,are_cal_q,are_cal_y,ei_r,m_crps,model,scenario,seed
0.160161129525616,0.0645969934827805,0.0735580051692003,1.06661126534053,241.721807944166,xgboost,zeta,15
