are_tot,are_cal_q,are_cal_y,ei_r,m_crps,model,scenario,seed
0.179990659992271,0.0673011006017191,0.0345086777115495,1.06790840815191,313.659833944852,COX,zeta,4
