are_tot,are_cal_q,are_cal_y,ei_r,m_crps,model,scenario,seed
0.154781165792251,0.167443985702847,0.891401531648824,1.11325350171153,406.325645460574,xgboost,gamma,10
