are_tot,are_cal_q,are_cal_y,ei_r,m_crps,model,scenario,seed
0.142631333989045,0.0514997593048476,0.0280238173589956,1.0309335625051,311.230719882714,deepsurv,zeta,2
