are_tot,are_cal_q,are_cal_y,ei_r,m_crps,model,scenario,seed
0.156209007567832,0.135750342968115,0.903945757669744,0.998160419479886,348.450025051951,COX,epsilon,20
