are_tot,are_cal_q,are_cal_y,ei_r,m_crps,model,scenario,seed
0.19365523606428,0.186492850042094,0.909193818689974,1.06320369279498,401.614476832846,deepsurv,gamma,14
