are_tot,are_cal_q,are_cal_y,ei_r,m_crps,model,scenario,seed
0.154168165056556,0.157279734914583,0.902437899402352,1.0619357373806,412.35797254243,deepsurv,beta,12
