are_tot,are_cal_q,are_cal_y,ei_r,m_crps,model,scenario,seed
0.153303896557741,0.077255210468951,0.0588474176411523,0.960115457396269,316.300988335916,deepsurv,zeta,17
