are_tot,are_cal_q,are_cal_y,ei_r,m_crps,model,scenario,seed
0.139712236960922,0.146497754898447,0.923352706836166,0.97861480950815,384.333227314725,COX,alpha,17
