are_tot,are_cal_q,are_cal_y,ei_r,m_crps,model,scenario,seed
0.145231581368547,0.145152408307503,0.90976381543083,1.03019241025825,372.702866448623,xgboost,alpha,12
