are_tot,are_cal_q,are_cal_y,ei_r,m_crps,model,scenario,seed
0.149033115398699,0.157684545288186,0.90587589112952,1.0724354367344,412.507264020992,xgboost,beta,15
