are_tot,are_cal_q,are_cal_y,ei_r,m_crps,model,scenario,seed
0.1160315786663,0.11930589504397,0.925657452778466,0.975520913211185,375.775756847491,COX,alpha,7
