are_tot,are_cal_q,are_cal_y,ei_r,m_crps,model,scenario,seed
0.124061555521533,0.123178254853212,0.925846663066186,0.954051243218971,377.507579127439,xgboost,alpha,7
