are_tot,are_cal_q,are_cal_y,ei_r,m_crps,model,scenario,seed
0.218584932692222,0.1902938931255,0.913379978179628,1.05792300828052,391.396398439123,COX,delta,14
