are_tot,are_cal_q,are_cal_y,ei_r,m_crps,model,scenario,seed
0.145216280019047,0.0537099077906433,0.0418400137598786,0.972240740259711,419.81544595173,deepsurv,beta,1
