are_tot,are_cal_q,are_cal_y,ei_r,m_crps,model,scenario,seed
0.156998801230243,0.0462264043511399,0.0337181743488671,0.99069808358981,385.377160493174,xgboost,delta,5
