are_tot,are_cal_q,are_cal_y,ei_r,m_crps,model,scenario,seed
0.170068626872868,0.155041095472439,0.897852104301304,0.987569886169309,365.123374082981,xgboost,delta,13
