are_tot,are_cal_q,are_cal_y,ei_r,m_crps,model,scenario,seed
0.134542457280498,0.0537805468220333,0.0247124508213978,1.01896610499492,420.338676395892,deepsurv,gamma,4
