are_tot,are_cal_q,are_cal_y,ei_r,m_crps,model,scenario,seed
0.233057020985471,0.20681138039445,0.903437941544317,1.07743820120566,400.53623951385,deepsurv,delta,11
