are_tot,are_cal_q,are_cal_y,ei_r,m_crps,model,scenario,seed
0.180256773601077,0.111975187295118,0.0863296587457581,0.905120512855302,232.21277043779,xgboost,zeta,10
