are_tot,are_cal_q,are_cal_y,ei_r,m_crps,model,scenario,seed
0.188123051527665,0.11812321145916,0.0998954728046935,0.909426221363359,419.624340648553,xgboost,beta,3
