are_tot,are_cal_q,are_cal_y,ei_r,m_crps,model,scenario,seed
0.162645378896093,0.0563046002780828,0.0416347834994437,1.06020750139719,291.634168511221,COX,zeta,12
