are_tot,are_cal_q,are_cal_y,ei_r,m_crps,model,scenario,seed
0.136714968443323,0.139242013188078,0.915132105979711,1.05722309594134,371.367942185794,xgboost,alpha,19
