are_tot,are_cal_q,are_cal_y,ei_r,m_crps,model,scenario,seed
0.899489090741691,0.899489090741691,0.899489090741691,1.28726494359296,,MW_months,gamma,17
0.242669903604855,0.191332508680469,0.177688624327803,1.19133250868047,,CL,gamma,17
0.408112082432937,0.408112082432937,0.408112082432937,1.5042815087948,,MW_quarters,gamma,17
