are_tot,are_cal_q,are_cal_y,ei_r,m_crps,model,scenario,seed
0.112634480380393,0.117582744359724,0.924763925785221,0.98659323726756,374.672235500327,deepsurv,alpha,7
