are_tot,are_cal_q,are_cal_y,ei_r,m_crps,model,scenario,seed
0.31413881318143,0.198897164902512,0.187013417365121,1.21932499923545,379.662822849992,deepsurv,delta,4
