are_tot,are_cal_q,are_cal_y,ei_r,m_crps,model,scenario,seed
0.190181601666863,0.178279726135972,0.933839371674514,0.872221639155486,379.336874879923,xgboost,delta,9
