are_tot,are_cal_q,are_cal_y,ei_r,m_crps,model,scenario,seed
0.150496210768422,0.0670840137484221,0.0606497920619498,1.06924734798123,417.041967433661,COX,gamma,4
