are_tot,are_cal_q,are_cal_y,ei_r,m_crps,model,scenario,seed
0.129779940981685,0.146732299092478,0.900127893056636,1.06342318437163,414.195261328969,xgboost,gamma,11
