are_tot,are_cal_q,are_cal_y,ei_r,m_crps,model,scenario,seed
0.151815529834825,0.133600192296278,0.923234603104143,0.958756775411591,355.532658313429,COX,epsilon,18
