are_tot,are_cal_q,are_cal_y,ei_r,m_crps,model,scenario,seed
0.164664219094962,0.172352618846691,0.916026357601967,0.96347425449096,417.405923106723,deepsurv,beta,18
