are_tot,are_cal_q,are_cal_y,ei_r,m_crps,model,scenario,seed
0.166243895422146,0.0759170377687992,0.0589031009605387,0.961425061477965,268.95652664772,xgboost,zeta,8
