are_tot,are_cal_q,are_cal_y,ei_r,m_crps,model,scenario,seed
0.20919963604479,0.198851404365223,0.887677533529277,1.08418864722888,381.003378336503,COX,delta,13
