are_tot,are_cal_q,are_cal_y,ei_r,m_crps,model,scenario,seed
0.177034358972967,0.0477395296599504,0.0333943847433916,1.01388724955429,409.217156303764,deepsurv,beta,4
