are_tot,are_cal_q,are_cal_y,ei_r,m_crps,model,scenario,seed
0.157968172639041,0.0809728643180042,0.0569737045185166,0.979933149775003,410.080141924027,deepsurv,gamma,3
