are_tot,are_cal_q,are_cal_y,ei_r,m_crps,model,scenario,seed
0.12070300704531,0.0457710500504019,0.0266090201123234,1.03147747191804,345.904673262825,COX,epsilon,2
