are_tot,are_cal_q,are_cal_y,ei_r,m_crps,model,scenario,seed
0.161785961327376,0.0549328185206304,0.0228917285802066,1.02406112199991,259.51368522612,deepsurv,zeta,7
