are_tot,are_cal_q,are_cal_y,ei_r,m_crps,model,scenario,seed
0.161159832983592,0.150900252167101,0.917503582492577,0.984666623103857,373.705212649916,xgboost,delta,12
