are_tot,are_cal_q,are_cal_y,ei_r,m_crps,model,scenario,seed
0.146771141287749,0.0526525211852604,0.020908643215695,1.24846876161503,395.962742069334,COX,beta,5
