are_tot,are_cal_q,are_cal_y,ei_r,m_crps,model,scenario,seed
0.191649714461899,0.171968956697785,0.918972482037319,0.942543480038984,374.22841218919,xgboost,delta,19
