are_tot,are_cal_q,are_cal_y,ei_r,m_crps,model,scenario,seed
0.563065432464539,0.563065432464539,0.563065432464539,1.13829571134313,,MW_months,alpha,12
0.127366163579489,0.0462672262930417,0.0560004483437586,1.03770923357494,,CL,alpha,12
0.22163642065066,0.22163642065066,0.22163642065066,1.35262746676884,,MW_quarters,alpha,12
