are_tot,are_cal_q,are_cal_y,ei_r,m_crps,model,scenario,seed
0.472431134449598,0.472431134449598,0.472431134449598,1.18085089554116,,MW_months,beta,13
0.230753355591913,0.10997129982225,0.124193073657153,1.10997129982225,,CL,beta,13
0.196992342629025,0.196992342629025,0.196992342629025,1.47310080915267,,MW_quarters,beta,13
