are_tot,are_cal_q,are_cal_y,ei_r,m_crps,model,scenario,seed
0.215357928416879,0.048487879533111,0.0380523099214564,1.03231452376567,385.160299288854,deepsurv,delta,1
