are_tot,are_cal_q,are_cal_y,ei_r,m_crps,model,scenario,seed
0.164267705290372,0.152762814452258,0.921212110846505,1.0095370543565,368.073473826198,xgboost,delta,6
