are_tot,are_cal_q,are_cal_y,ei_r,m_crps,model,scenario,seed
0.173106931518259,0.174904905698549,0.886107928916809,1.0096639786067,419.706979580069,xgboost,beta,20
