are_tot,are_cal_q,are_cal_y,ei_r,m_crps,model,scenario,seed
0.154814172833162,0.148568012760514,0.915038839810295,1.02071368187058,420.961881752445,COX,beta,16
