are_tot,are_cal_q,are_cal_y,ei_r,m_crps,model,scenario,seed
0.16654667752365,0.0578398981406537,0.0404444454078826,1.0708327173061,401.175165340262,deepsurv,gamma,1
