are_tot,are_cal_q,are_cal_y,ei_r,m_crps,model,scenario,seed
0.189404721357432,0.17310039212734,0.917138531152429,0.963131165873953,385.937535805933,xgboost,delta,11
