are_tot,are_cal_q,are_cal_y,ei_r,m_crps,model,scenario,seed
0.148404319360525,0.144814238930313,0.904412682534585,1.04938037688804,409.781026867148,xgboost,gamma,19
