are_tot,are_cal_q,are_cal_y,ei_r,m_crps,model,scenario,seed
0.163896048779231,0.166647704981635,0.884576729704352,1.02682368373056,405.331809246868,deepsurv,gamma,15
