are_tot,are_cal_q,are_cal_y,ei_r,m_crps,model,scenario,seed
0.129515457769234,0.140548543052179,0.911869345621264,1.00928770064565,378.490406613887,xgboost,alpha,11
