are_tot,are_cal_q,are_cal_y,ei_r,m_crps,model,scenario,seed
0.184576541886328,0.0456585876374408,0.0399463260899958,1.06435415642032,238.073185333572,xgboost,zeta,11
