are_tot,are_cal_q,are_cal_y,ei_r,m_crps,model,scenario,seed
0.12668156216106,0.142052928359856,0.92630420669785,0.998672299252594,375.207994579214,deepsurv,alpha,18
