are_tot,are_cal_q,are_cal_y,ei_r,m_crps,model,scenario,seed
0.184149335143855,0.176553309195021,0.907903489090994,1.02978896931696,405.396680382118,deepsurv,delta,10
