are_tot,are_cal_q,are_cal_y,ei_r,m_crps,model,scenario,seed
0.324567646713221,0.164552277839967,0.196715916239554,1.16790641748721,327.922925338296,deepsurv,zeta,14
