are_tot,are_cal_q,are_cal_y,ei_r,m_crps,model,scenario,seed
0.118735474506378,0.138681994145343,0.915171736083616,1.01492033137081,355.161709989841,xgboost,epsilon,3
