are_tot,are_cal_q,are_cal_y,ei_r,m_crps,model,scenario,seed
0.162404593338525,0.165042519192773,0.904154912968874,0.998810951412206,413.180246662418,COX,gamma,8
