are_tot,are_cal_q,are_cal_y,ei_r,m_crps,model,scenario,seed
0.118050937484391,0.135566810671907,0.911902305914527,1.01555093562672,411.12483202865,deepsurv,gamma,18
