are_tot,are_cal_q,are_cal_y,ei_r,m_crps,model,scenario,seed
0.165502318787595,0.181255992456016,0.935047664844678,0.965860116459498,415.526829868079,COX,beta,9
