are_tot,are_cal_q,are_cal_y,ei_r,m_crps,model,scenario,seed
0.194942762215242,0.0343495652462808,0.0210552209853637,1.57771421578464,245.335003678293,COX,zeta,19
