are_tot,are_cal_q,are_cal_y,ei_r,m_crps,model,scenario,seed
0.122178859291332,0.128525871148308,0.901672363145267,0.979103424960357,357.151023057411,deepsurv,epsilon,11
