are_tot,are_cal_q,are_cal_y,ei_r,m_crps,model,scenario,seed
0.120282814492414,0.127847496202056,0.932711747937389,0.950856737054508,374.880897388449,deepsurv,alpha,9
