are_tot,are_cal_q,are_cal_y,ei_r,m_crps,model,scenario,seed
0.167602153577574,0.174696857034477,0.91692063210801,0.987416130993205,419.363288021594,xgboost,beta,11
