are_tot,are_cal_q,are_cal_y,ei_r,m_crps,model,scenario,seed
0.123437652511515,0.14430690914813,0.895186389324253,1.02499288319849,417.195762199978,deepsurv,gamma,11
