are_tot,are_cal_q,are_cal_y,ei_r,m_crps,model,scenario,seed
0.188944038864254,0.0502046073891236,0.0372280150527475,1.01079481757786,408.095299076978,xgboost,beta,4
