are_tot,are_cal_q,are_cal_y,ei_r,m_crps,model,scenario,seed
0.463742368539651,0.105658755154304,0.105658755154304,0.932397216201583,,MW_months,alpha,17
0.159060504953404,0.0644120639329039,0.0400142505764554,0.978546428346391,,CL,alpha,17
0.214105414568295,0.0547250401172677,0.0547250401172677,0.99383057210325,,MW_quarters,alpha,17
