are_tot,are_cal_q,are_cal_y,ei_r,m_crps,model,scenario,seed
0.179438463364363,0.0685859702674117,0.0236012654091804,1.05624516307356,312.762606256989,deepsurv,zeta,4
