are_tot,are_cal_q,are_cal_y,ei_r,m_crps,model,scenario,seed
0.233749715107654,0.21604120368221,0.9044891490809,1.08199520483753,400.590254550103,deepsurv,delta,16
