are_tot,are_cal_q,are_cal_y,ei_r,m_crps,model,scenario,seed
0.162472318423446,0.163603260128438,0.908479277835487,1.0295500178153,407.385647299947,COX,gamma,14
