are_tot,are_cal_q,are_cal_y,ei_r,m_crps,model,scenario,seed
0.22456302606543,0.0927288131720843,0.110627484049508,1.08391081414056,248.431460565289,xgboost,zeta,14
