are_tot,are_cal_q,are_cal_y,ei_r,m_crps,model,scenario,seed
0.144558769450909,0.143713622732507,0.925973104418424,0.964899086596055,378.679076654381,xgboost,alpha,14
