are_tot,are_cal_q,are_cal_y,ei_r,m_crps,model,scenario,seed
0.125484423792001,0.117001895568424,0.925415099024794,0.950555627711239,353.866691362645,COX,epsilon,7
