are_tot,are_cal_q,are_cal_y,ei_r,m_crps,model,scenario,seed
0.165989241585312,0.179538421283901,0.895258589258483,1.01271883852281,406.501100586594,COX,beta,10
