are_tot,are_cal_q,are_cal_y,ei_r,m_crps,model,scenario,seed
0.194739044666249,0.0931895085538515,0.0723893187640196,0.940149255649489,303.632404531445,COX,zeta,13
