are_tot,are_cal_q,are_cal_y,ei_r,m_crps,model,scenario,seed
0.125554562042767,0.0394829929499875,0.0298160667700139,1.02118324948721,377.935323774205,deepsurv,alpha,4
