are_tot,are_cal_q,are_cal_y,ei_r,m_crps,model,scenario,seed
0.154491706718034,0.0829332308331782,0.0685199591244441,0.948897318717819,330.312056801257,deepsurv,zeta,3
