are_tot,are_cal_q,are_cal_y,ei_r,m_crps,model,scenario,seed
0.119476915330281,0.046454052868561,0.0235163305304802,1.00426361736771,356.107708344039,deepsurv,epsilon,3
