are_tot,are_cal_q,are_cal_y,ei_r,m_crps,model,scenario,seed
0.147427752134529,0.149669440046545,0.922381534155397,0.962619036276343,384.13225695637,deepsurv,alpha,17
