are_tot,are_cal_q,are_cal_y,ei_r,m_crps,model,scenario,seed
0.152583386439439,0.166185338207014,0.904859285907584,1.02040770195792,414.547707420609,COX,gamma,17
