are_tot,are_cal_q,are_cal_y,ei_r,m_crps,model,scenario,seed
0.227936840680626,0.210359679442544,0.884116702273312,1.14251645150391,391.454629986397,deepsurv,delta,13
