are_tot,are_cal_q,are_cal_y,ei_r,m_crps,model,scenario,seed
0.130036008417528,0.135332292157941,0.924016554567219,0.978581583342095,394.357138526572,deepsurv,alpha,14
