are_tot,are_cal_q,are_cal_y,ei_r,m_crps,model,scenario,seed
0.128493946739497,0.149001281395793,0.922712296574728,0.965449346357637,409.762083632143,xgboost,gamma,9
